u10153079592916700,https://www.room.run/he/rooms/card-of-jack,9
u794144497378479,https://www.room.run/he/rooms/card-of-jack,10
u794144497378479,https://www.room.run/he/rooms/orphanage,8
u10153079592916700,https://www.room.run/he/rooms/orphanage,7
u10153079592916700,https://www.room.run/he/rooms/white-noise,9
u794144497378479,https://www.room.run/he/rooms/white-noise,10
u10153079592916700,https://www.room.run/he/rooms/the-neighbors-mansion,9
u794144497378479,https://www.room.run/he/rooms/the-neighbors-mansion,10
u794144497378479,https://www.room.run/he/rooms/flight301,10
u10153079592916700,https://www.room.run/he/rooms/flight301,9
u10153079592916700,https://www.room.run/he/rooms/high-speed-nyc,8
u794144497378479,https://www.room.run/he/rooms/high-speed-nyc,8
u10153079592916700,https://www.room.run/he/rooms/earth-quake,9
u794144497378479,https://www.room.run/he/rooms/earth-quake,9
u794144497378479,https://www.room.run/he/rooms/aokigahara,9
u10153079592916700,https://www.room.run/he/rooms/aokigahara,8
u10153079592916700,https://www.room.run/he/rooms/jack-the-ripper,9
u794144497378479,https://www.room.run/he/rooms/jack-the-ripper,9
u10153079592916700,https://www.room.run/he/rooms/mercer-112,10
u794144497378479,https://www.room.run/he/rooms/mercer-112,10
u794144497378479,https://www.room.run/he/rooms/holy-pizza,10
u10153079592916700,https://www.room.run/he/rooms/holy-pizza,8
u794144497378479,https://www.room.run/he/rooms/project-x,10
u10153079592916700,https://www.room.run/he/rooms/project-x,9
u794144497378479,https://www.room.run/he/rooms/district13,10
u10153079592916700,https://www.room.run/he/rooms/district13,9
u10153079592916700,https://www.room.run/he/rooms/the-last-job,8
u794144497378479,https://www.room.run/he/rooms/the-last-job,9
u10153079592916700,https://www.room.run/he/rooms/careto-raanana,7
u794144497378479,https://www.room.run/he/rooms/careto-raanana,10
u794144497378479,https://www.room.run/he/rooms/thepatient,10
u10153079592916700,https://www.room.run/he/rooms/thepatient,7
u10153079592916700,https://www.room.run/he/rooms/operation-saffron,8
u794144497378479,https://www.room.run/he/rooms/operation-saffron,10
u794144497378479,https://www.room.run/he/rooms/operation-seals,10
u10153079592916700,https://www.room.run/he/rooms/operation-seals,7
u10153079592916700,https://www.room.run/he/rooms/placebo_1408,9
u794144497378479,https://www.room.run/he/rooms/placebo_1408,8
u794144497378479,https://www.room.run/he/rooms/kgb-still-watching-you,7
u10153079592916700,https://www.room.run/he/rooms/kgb-still-watching-you,9
u10153079592916700,https://www.room.run/he/rooms/the-mission-escape-in-sixty-minutes,5
u794144497378479,https://www.room.run/he/rooms/the-mission-escape-in-sixty-minutes,8
u794144497378479,https://www.room.run/he/rooms/jimmywho,8
u10153079592916700,https://www.room.run/he/rooms/jimmywho,7
u794144497378479,https://www.room.run/he/rooms/white-city-hotel,8
u10153079592916700,https://www.room.run/he/rooms/white-city-hotel,7
u10153079592916700,https://www.room.run/he/rooms/the-grudge,7
u794144497378479,https://www.room.run/he/rooms/the-grudge,10
u10153079592916700,https://www.room.run/he/rooms/the-other-side,7
u794144497378479,https://www.room.run/he/rooms/the-other-side,8
u10153079592916700,https://www.room.run/he/rooms/sherlock-mission,8
u794144497378479,https://www.room.run/he/rooms/sherlock-mission,10
u794144497378479,https://www.room.run/he/rooms/shity-roommate,9
u10153079592916700,https://www.room.run/he/rooms/shity-roommate,7
u10153079592916700,https://www.room.run/he/rooms/ocean,7
u794144497378479,https://www.room.run/he/rooms/ocean,9
u10153079592916700,https://www.room.run/he/rooms/temple-ofoanubis,8
u794144497378479,https://www.room.run/he/rooms/temple-ofoanubis,9
u10153079592916700,https://www.room.run/he/rooms/kawabanga,8
u794144497378479,https://www.room.run/he/rooms/kawabanga,8
u794144497378479,https://www.room.run/he/rooms/shutlim,10
u10153079592916700,https://www.room.run/he/rooms/shutlim,9
u10153079592916700,https://www.room.run/he/rooms/indiana-jones,7
u794144497378479,https://www.room.run/he/rooms/indiana-jones,8
u10153079592916700,https://www.room.run/he/rooms/thebunker,7
u794144497378479,https://www.room.run/he/rooms/thebunker,10
u794144497378479,https://www.room.run/he/rooms/anthrax,8
u10153079592916700,https://www.room.run/he/rooms/anthrax,7
u10153079592916700,https://www.room.run/he/rooms/trapped-in-time,7
u794144497378479,https://www.room.run/he/rooms/trapped-in-time,8
u10153079592916700,https://www.room.run/he/rooms/the-book-of,8
u794144497378479,https://www.room.run/he/rooms/the-book-of,10
u794144497378479,https://www.room.run/he/rooms/clinical-death,7
u10153079592916700,https://www.room.run/he/rooms/clinical-death,7
u10153079592916700,https://www.room.run/he/rooms/da-vinci-code,8
u794144497378479,https://www.room.run/he/rooms/da-vinci-code,9
u10153079592916700,https://www.room.run/he/rooms/doomsday,7
u10153079592916700,https://www.room.run/he/rooms/toy-soldiers,9
u794144497378479,https://www.room.run/he/rooms/toy-soldiers,9
u794144497378479,https://www.room.run/he/rooms/d-day,10
u10153079592916700,https://www.room.run/he/rooms/d-day,9
u10153079592916700,https://www.room.run/he/rooms/obscurity,10
u794144497378479,https://www.room.run/he/rooms/obscurity,9
u794144497378479,https://www.room.run/he/rooms/ghosthunters,9
u10153079592916700,https://www.room.run/he/rooms/ghosthunters,6
u10153079592916700,https://www.room.run/he/rooms/exitroom-eldorado,8
u794144497378479,https://www.room.run/he/rooms/exitroom-eldorado,8
u10153079592916700,https://www.room.run/he/rooms/jurassic-park,5
u794144497378479,https://www.room.run/he/rooms/jurassic-park,8
u10153079592916700,https://www.room.run/he/rooms/pharaohs-curse,7
u794144497378479,https://www.room.run/he/rooms/pharaohs-curse,9
u794144497378479,https://www.room.run/he/rooms/cupcake,10
u10153079592916700,https://www.room.run/he/rooms/prison-break,7
u794144497378479,https://www.room.run/he/rooms/prison-break,10
u794144497378479,https://www.room.run/he/rooms/alice-in-wonderland,8
u10153079592916700,https://www.room.run/he/rooms/alice-in-wonderland,7
u10153079592916700,https://www.room.run/he/rooms/uss-enigma,8
u794144497378479,https://www.room.run/he/rooms/uss-enigma,9
u10153079592916700,https://www.room.run/he/rooms/the-russian-prison,7
u794144497378479,https://www.room.run/he/rooms/the-russian-prison,8
u794144497378479,https://www.room.run/he/rooms/paranorml-activity,8
u10153079592916700,https://www.room.run/he/rooms/paranorml-activity,6
u794144497378479,https://www.room.run/he/rooms/real-detective,8
u10153079592916700,https://www.room.run/he/rooms/real-detective,7
u10153079592916700,https://www.room.run/he/rooms/image-of-a-murderer,8
u794144497378479,https://www.room.run/he/rooms/image-of-a-murderer,8
u794144497378479,https://www.room.run/he/rooms/james-bond,8
u10153079592916700,https://www.room.run/he/rooms/james-bond,9
u794144497378479,https://www.room.run/he/rooms/moonshine,9
u10153079592916700,https://www.room.run/he/rooms/moonshine,8
u10153079592916700,https://www.room.run/he/rooms/the-conjuring,8
u794144497378479,https://www.room.run/he/rooms/the-conjuring,9
u794144497378479,https://www.room.run/he/rooms/subway6,8
u10153079592916700,https://www.room.run/he/rooms/subway6,7
u794144497378479,https://www.room.run/he/rooms/houdini,10
u10153079592916700,https://www.room.run/he/rooms/houdini,9
u10153079592916700,https://www.room.run/he/rooms/the-wedding,6
u794144497378479,https://www.room.run/he/rooms/the-wedding,8
u794144497378479,https://www.room.run/he/rooms/harry-potter-questline,7
u10153079592916700,https://www.room.run/he/rooms/harry-potter-questline,7
u794144497378479,https://www.room.run/he/rooms/portal-y,9
u10153079592916700,https://www.room.run/he/rooms/portal-y,10
u10153079592916700,https://www.room.run/he/rooms/boardwalk-empire,7
u794144497378479,https://www.room.run/he/rooms/boardwalk-empire,8
u10153079592916700,https://www.room.run/he/rooms/mahboim-inca-treasure,6
u10153079592916700,https://www.room.run/he/rooms/saw,10
u794144497378479,https://www.room.run/he/rooms/saw,10
u794144497378479,https://www.room.run/he/rooms/farmer-john,7
u10153079592916700,https://www.room.run/he/rooms/farmer-john,5
u10153079592916700,https://www.room.run/he/rooms/crystal,7
u794144497378479,https://www.room.run/he/rooms/crystal,6
u794144497378479,https://www.room.run/he/rooms/doomsday-tlv,9
u10153079592916700,https://www.room.run/he/rooms/doomsday-tlv,7
u10153079592916700,https://www.room.run/he/rooms/hamssad,9
u794144497378479,https://www.room.run/he/rooms/hamssad,8
u10153079592916700,https://www.room.run/he/rooms/hotel-california,6
u794144497378479,https://www.room.run/he/rooms/hotel-california,9
u10153079592916700,https://www.room.run/he/rooms/kohinoor,8
u794144497378479,https://www.room.run/he/rooms/kohinoor,9
u794144497378479,https://www.room.run/he/rooms/taken,9
u10153079592916700,https://www.room.run/he/rooms/taken,8
u794144497378479,https://www.room.run/he/rooms/time-square-atlantis,9
u10153079592916700,https://www.room.run/he/rooms/time-square-atlantis,8
u10153079592916700,https://www.room.run/he/rooms/one-day-in-america,7
u794144497378479,https://www.room.run/he/rooms/one-day-in-america,9
u10153079592916700,https://www.room.run/he/rooms/artificial-intelligence,6
u794144497378479,https://www.room.run/he/rooms/artificial-intelligence,8
u10153079592916700,https://www.room.run/he/rooms/the-connection,6
u794144497378479,https://www.room.run/he/rooms/the-connection,8
u10153079592916700,https://www.room.run/he/rooms/the-iron-throne,5
u794144497378479,https://www.room.run/he/rooms/the-iron-throne,7
u10153079592916700,https://www.room.run/he/rooms/crash,7
u794144497378479,https://www.room.run/he/rooms/crash,9
u10153079592916700,https://www.room.run/he/rooms/the-chase,6
u794144497378479,https://www.room.run/he/rooms/the-asylum,9
u10153079592916700,https://www.room.run/he/rooms/the-asylum,9
u10153079592916700,https://www.room.run/he/rooms/shadesescape,2
u794144497378479,https://www.room.run/he/rooms/the-lord-of-the-rings,8
u10153079592916700,https://www.room.run/he/rooms/the-lord-of-the-rings,7
u794144497378479,https://www.room.run/he/rooms/black-diamond,8
u10153079592916700,https://www.room.run/he/rooms/black-diamond,8
u794144497378479,https://www.room.run/he/rooms/titanic,9
u10153079592916700,https://www.room.run/he/rooms/titanic,7
u10153079592916700,https://www.room.run/he/rooms/antidote-mission,6
u794144497378479,https://www.room.run/he/rooms/antidote-mission,8
u794144497378479,https://www.room.run/he/rooms/amnesia,1
u10153079592916700,https://www.room.run/he/rooms/amnesia,4
u10153079592916700,https://www.room.run/he/rooms/hangover,8
u794144497378479,https://www.room.run/he/rooms/hangover,8
u10153079592916700,https://www.room.run/he/rooms/the-exorcist,7
u794144497378479,https://www.room.run/he/rooms/the-exorcist,8
u10153079592916700,https://www.room.run/he/rooms/alpha,6
u794144497378479,https://www.room.run/he/rooms/alpha,6
u794144497378479,https://www.room.run/he/rooms/amazonas,8
u794144497378479,https://www.room.run/he/rooms/hannibal-lecter,5
u10153079592916700,https://www.room.run/he/rooms/hannibal-lecter,7
u10153079592916700,https://www.room.run/he/rooms/twisted-mind,6
u794144497378479,https://www.room.run/he/rooms/twisted-mind,7
u10153079592916700,https://www.room.run/he/rooms/black-and-white,7
u794144497378479,https://www.room.run/he/rooms/black-and-white,8
u10153079592916700,https://www.room.run/he/rooms/attack-on-the-pentagon,8
u794144497378479,https://www.room.run/he/rooms/jig-saw,8
u10153079592916700,https://www.room.run/he/rooms/jig-saw,5
u794144497378479,https://www.room.run/he/rooms/fifth-element,8
u10153079592916700,https://www.room.run/he/rooms/fifth-element,7
u10153079592916700,https://www.room.run/he/rooms/the-black-pearl,6
u10153079592916700,https://www.room.run/he/rooms/robbery-of-the-century,6
u794144497378479,https://www.room.run/he/rooms/robbery-of-the-century,8
u794144497378479,https://www.room.run/he/rooms/rescue-sheikh-abrik,10
u10153079592916700,https://www.room.run/he/rooms/rescue-sheikh-abrik,9
u794144497378479,https://www.room.run/he/rooms/case-number-seven,8
u10153079592916700,https://www.room.run/he/rooms/case-number-seven,6
u794144497378479,https://www.room.run/he/rooms/rescue,5
u10153079592916700,https://www.room.run/he/rooms/overlord,8
u794144497378479,https://www.room.run/he/rooms/overlord,10
u794144497378479,https://www.room.run/he/rooms/new-york,6
u794144497378479,https://www.room.run/he/rooms/mirror,7
u794144497378479,https://www.room.run/he/rooms/chess-escape-room,8
u10153079592916700,https://www.room.run/he/rooms/chess-escape-room,7
u794144497378479,https://www.room.run/he/rooms/allenby-28,10
u10153079592916700,https://www.room.run/he/rooms/allenby-28,8
u10153079592916700,https://www.room.run/he/rooms/camp,7
u794144497378479,https://www.room.run/he/rooms/camp,9
u794144497378479,https://www.room.run/he/rooms/black-powder,9
u10153079592916700,https://www.room.run/he/rooms/black-powder,8
u10153079592916700,https://www.room.run/he/rooms/the-museum,10
u794144497378479,https://www.room.run/he/rooms/the-museum,10
u10153079592916700,https://www.room.run/he/rooms/grand-karlibach,6
u794144497378479,https://www.room.run/he/rooms/grand-karlibach,9
u10153079592916700,https://www.room.run/he/rooms/the-diamond-heist,8
u794144497378479,https://www.room.run/he/rooms/the-diamond-heist,7
u10153079592916700,https://www.room.run/he/rooms/piratescape,8
u794144497378479,https://www.room.run/he/rooms/piratescape,8
u794144497378479,https://www.room.run/he/rooms/the-crooks,10
u10153079592916700,https://www.room.run/he/rooms/the-crooks,10
u10153079592916700,https://www.room.run/he/rooms/motel-panorama,6
u794144497378479,https://www.room.run/he/rooms/motel-panorama,10
u10153079592916700,https://www.room.run/he/rooms/witch-hunt,10
u794144497378479,https://www.room.run/he/rooms/witch-hunt,10
u794144497378479,https://www.room.run/he/rooms/cube,10
u10153079592916700,https://www.room.run/he/rooms/cube,7
u10153079592916700,https://www.room.run/he/rooms/mistaarvim,8
u794144497378479,https://www.room.run/he/rooms/mistaarvim,7
u10153079592916700,https://www.room.run/he/rooms/challenge-pirates-herzliya,7
u794144497378479,https://www.room.run/he/rooms/challenge-pirates-herzliya,10
u10153079592916700,https://www.room.run/he/rooms/illuminati,9
u794144497378479,https://www.room.run/he/rooms/illuminati,10
u794144497378479,https://www.room.run/he/rooms/greek-job,9
u10153079592916700,https://www.room.run/he/rooms/greek-job,8
u794144497378479,https://www.room.run/he/rooms/abandoned-house-mystery,9
u10153079592916700,https://www.room.run/he/rooms/abandoned-house-mystery,9
u794144497378479,https://www.room.run/he/rooms/the-horror-circus,9
u10153079592916700,https://www.room.run/he/rooms/the-horror-circus,8
u794144497378479,https://www.room.run/he/rooms/the-yellow-sponge,8
u10153079592916700,https://www.room.run/he/rooms/the-yellow-sponge,7
u794144497378479,https://www.room.run/he/rooms/secret-of-the-giant,9
u10153079592916700,https://www.room.run/he/rooms/secret-of-the-giant,7
u794144497378479,https://www.room.run/he/rooms/secret-room,8
u10153079592916700,https://www.room.run/he/rooms/secret-room,7
u10153079592916700,https://www.room.run/he/rooms/tlv2048,9
u10153079592916700,https://www.room.run/he/rooms/se7en,9
u794144497378479,https://www.room.run/he/rooms/se7en,9
u10153079592916700,https://www.room.run/he/rooms/elmstreet,8
u794144497378479,https://www.room.run/he/rooms/elmstreet,9
u10153079592916700,https://www.room.run/he/rooms/silence-of-the-lambs,8
u794144497378479,https://www.room.run/he/rooms/silence-of-the-lambs,9
u794144497378479,https://www.room.run/he/rooms/excalibur,10
u10153079592916700,https://www.room.run/he/rooms/excalibur,7
u10153079592916700,https://www.room.run/he/rooms/mystery-in-the-park,9
u10153079592916700,https://www.room.run/he/rooms/the-holy-grail,8
u794144497378479,https://www.room.run/he/rooms/the-holy-grail,9
u10153079592916700,https://www.room.run/he/rooms/freezer,7
u794144497378479,https://www.room.run/he/rooms/freezer,10
u10153079592916700,https://www.room.run/he/rooms/cave-of-wonders,7
u794144497378479,https://www.room.run/he/rooms/cave-of-wonders,8
u10153079592916700,https://www.room.run/he/rooms/cowboys,7
u794144497378479,https://www.room.run/he/rooms/cowboys,8
u794144497378479,https://www.room.run/he/rooms/obsession,9
u10153079592916700,https://www.room.run/he/rooms/obsession,9
u10153079592916700,https://www.room.run/he/rooms/run-from-venice,7
u794144497378479,https://www.room.run/he/rooms/run-from-venice,9
u794144497378479,https://www.room.run/he/rooms/oz,9
u10153079592916700,https://www.room.run/he/rooms/oz,8
u794144497378479,https://www.room.run/he/rooms/the-end-of-the-world,10
u10153079592916700,https://www.room.run/he/rooms/the-end-of-the-world,8
u794144497378479,https://www.room.run/he/rooms/escaperoom-destniy-games,10
u10153079592916700,https://www.room.run/he/rooms/escaperoom-destniy-games,9
u10153079592916700,https://www.room.run/he/rooms/torpedo,7
u794144497378479,https://www.room.run/he/rooms/torpedo,8
u10153079592916700,https://www.room.run/he/rooms/the-sorcerer-village,7
u794144497378479,https://www.room.run/he/rooms/the-sorcerer-village,9
u794144497378479,https://www.room.run/he/rooms/bank-robbery,10
u10153079592916700,https://www.room.run/he/rooms/bank-robbery,7
u10153079592916700,https://www.room.run/he/rooms/king-arthur,7
u794144497378479,https://www.room.run/he/rooms/king-arthur,8
u10153079592916700,https://www.room.run/he/rooms/tarzan,6
u794144497378479,https://www.room.run/he/rooms/tarzan,8
u794144497378479,https://www.room.run/he/rooms/challenge-apt-68,10
u10153079592916700,https://www.room.run/he/rooms/challenge-apt-68,8
u10153079592916700,https://www.room.run/he/rooms/the-hostage,7
u794144497378479,https://www.room.run/he/rooms/the-hostage,8
u794144497378479,https://www.room.run/he/rooms/escape-from-cherbourg,9
u10153079592916700,https://www.room.run/he/rooms/escape-from-cherbourg,7
u794144497378479,https://www.room.run/he/rooms/the-dentists-clinic,10
u10153079592916700,https://www.room.run/he/rooms/altair,7
u794144497378479,https://www.room.run/he/rooms/altair,8
u10153079592916700,https://www.room.run/he/rooms/the-iranian-threat,9
u794144497378479,https://www.room.run/he/rooms/the-iranian-threat,8
u794144497378479,https://www.room.run/he/rooms/ramat-yishai-reactor,9
u10153079592916700,https://www.room.run/he/rooms/ramat-yishai-reactor,8
u794144497378479,https://www.room.run/he/rooms/agraba,9
u794144497378479,https://www.room.run/he/rooms/operation-sarona,7
u10153079592916700,https://www.room.run/he/rooms/operation-sarona,9
u794144497378479,https://www.room.run/he/rooms/the-lost-record,10
u10153079592916700,https://www.room.run/he/rooms/the-lost-record,7
u10153079592916700,https://www.room.run/he/rooms/the-last-station,8
u794144497378479,https://www.room.run/he/rooms/the-last-station,8
u10153079592916700,https://www.room.run/he/rooms/breaking-bad,7
u794144497378479,https://www.room.run/he/rooms/breaking-bad,7
u794144497378479,https://www.room.run/he/rooms/once-upon-a-time,10
u10153079592916700,https://www.room.run/he/rooms/once-upon-a-time,8
u794144497378479,https://www.room.run/he/rooms/embassy-siege,9
u10153079592916700,https://www.room.run/he/rooms/embassy-siege,6
u794144497378479,https://www.room.run/he/rooms/tesla-tower,9
u10153079592916700,https://www.room.run/he/rooms/tesla-tower,7
u794144497378479,https://www.room.run/he/rooms/the-x-ray-killer,8
u10153079592916700,https://www.room.run/he/rooms/the-x-ray-killer,7
u10153079592916700,https://www.room.run/he/rooms/kidnappedinthailand,4
u794144497378479,https://www.room.run/he/rooms/kidnappedinthailand,6
u10153079592916700,https://www.room.run/he/rooms/the-100,8
u794144497378479,https://www.room.run/he/rooms/the-100,10
u794144497378479,https://www.room.run/he/rooms/heroes,10
u10153079592916700,https://www.room.run/he/rooms/heroes,7
u10153079592916700,https://www.room.run/he/rooms/to-exit,6
u794144497378479,https://www.room.run/he/rooms/to-exit,7
u10153079592916700,https://www.room.run/he/rooms/coma,7
u794144497378479,https://www.room.run/he/rooms/coma,8
u794144497378479,https://www.room.run/he/rooms/houdini-rishonlezion,9
u794144497378479,https://www.room.run/he/rooms/surgery,8
u10153079592916700,https://www.room.run/he/rooms/surgery,7
u10153079592916700,https://www.room.run/he/rooms/hobbit,8
u794144497378479,https://www.room.run/he/rooms/hobbit,8
u10153079592916700,https://www.room.run/he/rooms/area51,6
u794144497378479,https://www.room.run/he/rooms/area51,9
u794144497378479,https://www.room.run/he/rooms/murder-scene,7
u10153079592916700,https://www.room.run/he/rooms/murder-scene,7
u794144497378479,https://www.room.run/he/rooms/sod-hagilgal,9
u10153079592916700,https://www.room.run/he/rooms/sod-hagilgal,10
u794144497378479,https://www.room.run/he/rooms/the-dark-order,10
u10153079592916700,https://www.room.run/he/rooms/the-dark-order,7
u10153079592916700,https://www.room.run/he/rooms/lord-of-the-rung-the-revenge-of-saruman,8
u794144497378479,https://www.room.run/he/rooms/lord-of-the-rung-the-revenge-of-saruman,8
u10153079592916700,https://www.room.run/he/rooms/the-sting,8
u794144497378479,https://www.room.run/he/rooms/the-sting,9
u10153079592916700,https://www.room.run/he/rooms/black-castle,8
u794144497378479,https://www.room.run/he/rooms/the-mona-lisa-robbery,8
u10153079592916700,https://www.room.run/he/rooms/the-mona-lisa-robbery,9
u10153079592916700,https://www.room.run/he/rooms/lost-the-hatch,7
u794144497378479,https://www.room.run/he/rooms/lost-the-hatch,9
u10153079592916700,https://www.room.run/he/rooms/i-am-legend,7
u794144497378479,https://www.room.run/he/rooms/i-am-legend,8
u794144497378479,https://www.room.run/he/rooms/mirror-mirror,10
u10153079592916700,https://www.room.run/he/rooms/mirror-mirror,7
u10153079592916700,https://www.room.run/he/rooms/swat,6
u794144497378479,https://www.room.run/he/rooms/swat,6
u794144497378479,https://www.room.run/he/rooms/spying-within-the-walls,10
u10153079592916700,https://www.room.run/he/rooms/spying-within-the-walls,7
u10153079592916700,https://www.room.run/he/rooms/psychedelic,9
u794144497378479,https://www.room.run/he/rooms/psychedelic,8
u10153079592916700,https://www.room.run/he/rooms/anna-belle,6
u794144497378479,https://www.room.run/he/rooms/anna-belle,8
u10153079592916700,https://www.room.run/he/rooms/spell-of-the-deads,7
u794144497378479,https://www.room.run/he/rooms/spell-of-the-deads,8
u10153079592916700,https://www.room.run/he/rooms/maniacs-shelter,8
u794144497378479,https://www.room.run/he/rooms/maniacs-shelter,8
u10153079592916700,https://www.room.run/he/rooms/museum-at-night,8
u794144497378479,https://www.room.run/he/rooms/museum-at-night,9
u10153079592916700,https://www.room.run/he/rooms/black-list,8
u794144497378479,https://www.room.run/he/rooms/black-list,8
u10153079592916700,https://www.room.run/he/rooms/doctor-drim,8
u794144497378479,https://www.room.run/he/rooms/doctor-drim,7
u794144497378479,https://www.room.run/he/rooms/challenge-top-secret-herzliya,9
u10153079592916700,https://www.room.run/he/rooms/the-last-battle,7
u794144497378479,https://www.room.run/he/rooms/the-last-battle,10
u794144497378479,https://www.room.run/he/rooms/stuck-at-the-heart-of-the-sea,8
u10153079592916700,https://www.room.run/he/rooms/stuck-at-the-heart-of-the-sea,4
u794144497378479,https://www.room.run/he/rooms/show-me-the-money,8
u10153079592916700,https://www.room.run/he/rooms/show-me-the-money,7
u10153079592916700,https://www.room.run/he/rooms/ghost-machine,7
u794144497378479,https://www.room.run/he/rooms/ghost-machine,9
u10153079592916700,https://www.room.run/he/rooms/monstropolis-escape-room,5
u794144497378479,https://www.room.run/he/rooms/monstropolis-escape-room,7
u10153079592916700,https://www.room.run/he/rooms/mystery-of-maya,8
u794144497378479,https://www.room.run/he/rooms/mystery-of-maya,8
u10153079592916700,https://www.room.run/he/rooms/copacabana,5
u794144497378479,https://www.room.run/he/rooms/copacabana,9
u10153079592916700,https://www.room.run/he/rooms/time-travel,7
u794144497378479,https://www.room.run/he/rooms/time-travel,9
u10153079592916700,https://www.room.run/he/rooms/shadows-wars,8
u794144497378479,https://www.room.run/he/rooms/shadows-wars,9
u794144497378479,https://www.room.run/he/rooms/supernatural,9
u10153079592916700,https://www.room.run/he/rooms/supernatural,7
u10153079592916700,https://www.room.run/he/rooms/caribbean-pirates-dead-mans-chest,7
u794144497378479,https://www.room.run/he/rooms/caribbean-pirates-dead-mans-chest,10
u10153079592916700,https://www.room.run/he/rooms/gladiator,8
u794144497378479,https://www.room.run/he/rooms/gladiator,8
u10153079592916700,https://www.room.run/he/rooms/secretroomashdod,7
u794144497378479,https://www.room.run/he/rooms/secretroomashdod,9
u10153079592916700,https://www.room.run/he/rooms/steampunk-circuis,6
u794144497378479,https://www.room.run/he/rooms/steampunk-circuis,9
u10153079592916700,https://www.room.run/he/rooms/back-to-the-future,7
u794144497378479,https://www.room.run/he/rooms/egypt,8
u10153079592916700,https://www.room.run/he/rooms/egypt,7
u10153079592916700,https://www.room.run/he/rooms/facility-x51,8
u794144497378479,https://www.room.run/he/rooms/facility-x51,7
u794144497378479,https://www.room.run/he/rooms/the-black-ring,8
u10153079592916700,https://www.room.run/he/rooms/the-black-ring,8
u794144497378479,https://www.room.run/he/rooms/magicians-cellar,10
u10153079592916700,https://www.room.run/he/rooms/race-to-the-million-haifa,7
u794144497378479,https://www.room.run/he/rooms/race-to-the-million-haifa,8
u10153079592916700,https://www.room.run/he/rooms/sherlock-holmes,8
u794144497378479,https://www.room.run/he/rooms/sherlock-holmes,9
u10153079592916700,https://www.room.run/he/rooms/haunted-castle,7
u794144497378479,https://www.room.run/he/rooms/haunted-castle,8
u794144497378479,https://www.room.run/he/rooms/fauda,8
u10153079592916700,https://www.room.run/he/rooms/fauda,6
u10153079592916700,https://www.room.run/he/rooms/apollo,7
u794144497378479,https://www.room.run/he/rooms/apollo,9
u10153079592916700,https://www.room.run/he/rooms/chicago,6
u794144497378479,https://www.room.run/he/rooms/chicago,8
u10153079592916700,https://www.room.run/he/rooms/the-forest-cabin,4
u794144497378479,https://www.room.run/he/rooms/the-forest-cabin,8
u10153079592916700,https://www.room.run/he/rooms/casino-robbery,6
u794144497378479,https://www.room.run/he/rooms/casino-robbery,8
u10153079592916700,https://www.room.run/he/rooms/the-chemist,8
u794144497378479,https://www.room.run/he/rooms/the-chemist,8
u10153079592916700,https://www.room.run/he/rooms/the-cabin-of-horror,6
u10153079592916700,https://www.room.run/he/rooms/metro,8
u794144497378479,https://www.room.run/he/rooms/metro,9
u10153079592916700,https://www.room.run/he/rooms/the-delegation,9
u794144497378479,https://www.room.run/he/rooms/the-great-jailbreak,8
u10153079592916700,https://www.room.run/he/rooms/the-great-jailbreak,7
u10153079592916700,https://www.room.run/he/rooms/restart,8
u794144497378479,https://www.room.run/he/rooms/restart,10
u794144497378479,https://www.room.run/he/rooms/unequivocal-threat,7
u10153079592916700,https://www.room.run/he/rooms/unequivocal-threat,5
u10153079592916700,https://www.room.run/he/rooms/goblet-of-magic,7
u794144497378479,https://www.room.run/he/rooms/goblet-of-magic,10
u10153079592916700,https://www.room.run/he/rooms/anubis,7
u794144497378479,https://www.room.run/he/rooms/anubis,8
u10153079592916700,https://www.room.run/he/rooms/crisis,7
u794144497378479,https://www.room.run/he/rooms/crisis,8
u794144497378479,https://www.room.run/he/rooms/part-i-the-secret-lab,10
u10153079592916700,https://www.room.run/he/rooms/part-i-the-secret-lab,7
u794144497378479,https://www.room.run/he/rooms/star-wars,8
u10153079592916700,https://www.room.run/he/rooms/star-wars,5
u10153079592916700,https://www.room.run/he/rooms/wonder-zone,8
u794144497378479,https://www.room.run/he/rooms/wonder-zone,10
u794144497378479,https://www.room.run/he/rooms/haunted-house,8
u10153079592916700,https://www.room.run/he/rooms/haunted-house,5
u794144497378479,https://www.room.run/he/rooms/denominatoin,8
u10153079592916700,https://www.room.run/he/rooms/denominatoin,7
u794144497378479,https://www.room.run/he/rooms/temple-run,8
u10153079592916700,https://www.room.run/he/rooms/temple-run,7
u10153079592916700,https://www.room.run/he/rooms/imaginarium,7
u794144497378479,https://www.room.run/he/rooms/imaginarium,8
u794144497378479,https://www.room.run/he/rooms/homealone,9
u10153079592916700,https://www.room.run/he/rooms/homealone,6
u794144497378479,https://www.room.run/he/rooms/king-solomons-mines,8
u10153079592916700,https://www.room.run/he/rooms/king-solomons-mines,6
u10153079592916700,https://www.room.run/he/rooms/hostage,6
u794144497378479,https://www.room.run/he/rooms/the-african-stone,8
u10153079592916700,https://www.room.run/he/rooms/the-african-stone,7
u794144497378479,https://www.room.run/he/rooms/cursed-treasure,9
u10153079592916700,https://www.room.run/he/rooms/cursed-treasure,6
u794144497378479,https://www.room.run/he/rooms/the-last-game,10
u10153079592916700,https://www.room.run/he/rooms/the-last-game,7
u10153079592916700,https://www.room.run/he/rooms/sircuszonederano,7
u794144497378479,https://www.room.run/he/rooms/sircuszonederano,9
u10153079592916700,https://www.room.run/he/rooms/secrets-of-the-scroll,7
u794144497378479,https://www.room.run/he/rooms/cooper-airlines,8
u10153079592916700,https://www.room.run/he/rooms/cooper-airlines,10
u794144497378479,https://www.room.run/he/rooms/jerusalem-treasure,8
u10153079592916700,https://www.room.run/he/rooms/jerusalem-treasure,7
u794144497378479,https://www.room.run/he/rooms/holiday-in-scotland,7
u10153079592916700,https://www.room.run/he/rooms/holiday-in-scotland,7
u794144497378479,https://www.room.run/he/rooms/spaceroom,8
u10153079592916700,https://www.room.run/he/rooms/spaceroom,7
u10153079592916700,https://www.room.run/he/rooms/gymania,7
u794144497378479,https://www.room.run/he/rooms/capital-punishment,8
u10153079592916700,https://www.room.run/he/rooms/capital-punishment,5
u794144497378479,https://www.room.run/he/rooms/escaperoom-troy,7
u10153079592916700,https://www.room.run/he/rooms/escaperoom-troy,7
u10153079592916700,https://www.room.run/he/rooms/de-favela,5
u794144497378479,https://www.room.run/he/rooms/de-favela,8
u10153079592916700,https://www.room.run/he/rooms/aladdin,6
u794144497378479,https://www.room.run/he/rooms/aladdin,9
u794144497378479,https://www.room.run/he/rooms/time-machine,8
u10153079592916700,https://www.room.run/he/rooms/time-machine,8
u10153079592916700,https://www.room.run/he/rooms/stargate,7
u794144497378479,https://www.room.run/he/rooms/stargate,9
u794144497378479,https://www.room.run/he/rooms/wine-cellar,7
u10153079592916700,https://www.room.run/he/rooms/wine-cellar,6
u10153079592916700,https://www.room.run/he/rooms/the-stolen-ark,7
u794144497378479,https://www.room.run/he/rooms/the-stolen-ark,8
u794144497378479,https://www.room.run/he/rooms/hypnosis,9
u794144497378479,https://www.room.run/he/rooms/carmen-mona-lisa,9
u10153079592916700,https://www.room.run/he/rooms/carmen-mona-lisa,9
u794144497378479,https://www.room.run/he/rooms/the-student,8
u794144497378479,https://www.room.run/he/rooms/part-ii-the-crime,9
u10153079592916700,https://www.room.run/he/rooms/part-ii-the-crime,7
u794144497378479,https://www.room.run/he/rooms/broadway-behind-the-scenes,8
u10153079592916700,https://www.room.run/he/rooms/broadway-behind-the-scenes,5
u10153079592916700,https://www.room.run/he/rooms/double-agent,5
u794144497378479,https://www.room.run/he/rooms/double-agent,8
u794144497378479,https://www.room.run/he/rooms/the-enchanted-room,9
u10153079592916700,https://www.room.run/he/rooms/barons-treasure,8
u794144497378479,https://www.room.run/he/rooms/barons-treasure,8
u794144497378479,https://www.room.run/he/rooms/the-syrian-spy-room,8
u10153079592916700,https://www.room.run/he/rooms/the-syrian-spy-room,6
u10153079592916700,https://www.room.run/he/rooms/bank-job,7
u794144497378479,https://www.room.run/he/rooms/bank-job,8
u794144497378479,https://www.room.run/he/rooms/baker-street,7
u10153079592916700,https://www.room.run/he/rooms/baker-street,5
u794144497378479,https://www.room.run/he/rooms/imitator,7
u10153079592916700,https://www.room.run/he/rooms/imitator,6
u10153079592916700,https://www.room.run/he/rooms/accursed-house,7
u794144497378479,https://www.room.run/he/rooms/accursed-house,8
u10153079592916700,https://www.room.run/he/rooms/pothere,5
u10153079592916700,https://www.room.run/he/rooms/quest-world,8
u10153079592916700,https://www.room.run/he/rooms/captain-hook,8
u794144497378479,https://www.room.run/he/rooms/-the-pastsins-of,5
u10153079592916700,https://www.room.run/he/rooms/-the-pastsins-of,9
u794144497378479,https://www.room.run/he/rooms/sod-hacacao,8
u10153079592916700,https://www.room.run/he/rooms/sod-hacacao,7
u794144497378479,https://www.room.run/he/rooms/the-cave,9
u794144497378479,https://www.room.run/he/rooms/trap-room,8
u10153079592916700,https://www.room.run/he/rooms/trap-room,6
u10153079592916700,https://www.room.run/he/rooms/fordow-cyber-attack,6
u794144497378479,https://www.room.run/he/rooms/fordow-cyber-attack,6
u10153079592916700,https://www.room.run/he/rooms/king-solomon-secret,8
u794144497378479,https://www.room.run/he/rooms/king-solomon-secret,8
u794144497378479,https://www.room.run/he/rooms/master-zen,7
u10153079592916700,https://www.room.run/he/rooms/master-zen,7
u10153079592916700,https://www.room.run/he/rooms/the-trip,5
u794144497378479,https://www.room.run/he/rooms/thelosttomb,8
u10153079592916700,https://www.room.run/he/rooms/thelosttomb,6
u10153079592916700,https://www.room.run/he/rooms/spacex,8
u794144497378479,https://www.room.run/he/rooms/spacex,9
u10153079592916700,https://www.room.run/he/rooms/the-mental-institute,6
u794144497378479,https://www.room.run/he/rooms/the-mental-institute,8
u10153079592916700,https://www.room.run/he/rooms/dracula,7
u794144497378479,https://www.room.run/he/rooms/sos-lost-at-sea,7
u10153079592916700,https://www.room.run/he/rooms/bad-day,7
u794144497378479,https://www.room.run/he/rooms/bad-day,9
u10153079592916700,https://www.room.run/he/rooms/justice,5
u794144497378479,https://www.room.run/he/rooms/justice,7
u794144497378479,https://www.room.run/he/rooms/prehistoric,8
u10153079592916700,https://www.room.run/he/rooms/resident-evil--umbrella-corp,5
u10153079592916700,https://www.room.run/he/rooms/lost-ln-tangle,7
u10153079592916700,https://www.room.run/he/rooms/security-leak,5
u794144497378479,https://www.room.run/he/rooms/security-leak,8
u794144497378479,https://www.room.run/he/rooms/the-catacomb,7
u10153079592916700,https://www.room.run/he/rooms/the-catacomb,6
u794144497378479,https://www.room.run/he/rooms/hagiga-basnooker,7
u10153079592916700,https://www.room.run/he/rooms/the-will-of-a-millionaire,5
u794144497378479,https://www.room.run/he/rooms/the-room-of-professor-rubinstein,7
u10153079592916700,https://www.room.run/he/rooms/the-room-of-professor-rubinstein,4
u794144497378479,https://www.room.run/he/rooms/asteroid,8
u794144497378479,https://www.room.run/he/rooms/election,8
u794144497378479,https://www.room.run/he/rooms/thieves,8
u794144497378479,https://www.room.run/he/rooms/school-escape,8
u794144497378479,https://www.room.run/he/rooms/police,8
u794144497378479,https://www.room.run/he/rooms/thesaw,7
u10153079592916700,https://www.room.run/he/rooms/thesaw,6
u794144497378479,https://www.room.run/he/rooms/forest,8
u10153079592916700,https://www.room.run/he/rooms/forest,3
u794144497378479,https://www.room.run/he/rooms/dragons-kingdom,5
u794144497378479,https://www.room.run/he/rooms/lost-chest,3
u794144497378479,https://www.room.run/he/rooms/museum,3
u794144497378479,https://www.room.run/he/rooms/zomies,2
u794144497378479,https://www.room.run/he/rooms/upside-down,1
u794144497378479,https://www.room.run/he/rooms/the-submarine,7
u10153079592916700,https://www.room.run/he/rooms/friday-the-13th,7
u794144497378479,https://www.room.run/he/rooms/friday-the-13th,9
u10153079592916700,https://www.room.run/he/rooms/national-treasure,8
u794144497378479,https://www.room.run/he/rooms/national-treasure,9
u794144497378479,https://www.room.run/he/rooms/underground,8
u10153079592916700,https://www.room.run/he/rooms/hakuna-matata,8
u794144497378479,https://www.room.run/he/rooms/hakuna-matata,9
u10153079592916700,https://www.room.run/he/rooms/house-number-19,9
u794144497378479,https://www.room.run/he/rooms/house-number-19,8
u794144497378479,https://www.room.run/he/rooms/merlins-magic-school,9
u794144497378479,https://www.room.run/he/rooms/the-lost-ship,8
u10153079592916700,https://www.room.run/he/rooms/expedition-ap-13z,8
u10153079592916700,https://www.room.run/he/rooms/sodhamegilot,6
u794144497378479,https://www.room.run/he/rooms/sodhamegilot,8
u794144497378479,https://www.room.run/he/rooms/redblue,7
